AnnReturn,AnnVol,Sharpe,MaxDD,ForcedLiqDays,AvgLev,AvgBorrowed,AvgTurnover,BandActive,ma,band,gate_mode
0.06523643507853105,0.10457198203403419,0.6566679124728051,-0.24790140647111347,0.0,1.3127958609995116,0.8286483071708156,0.0422677928953926,0.7842345505617978,200,0.0,simple
0.066793878383413,0.10463483437550693,0.6703000626261371,-0.24803166131089172,0.0,1.3124033049009423,0.8492221828113942,0.039465542549854835,0.7756320224719101,200,0.0,hyst
0.06563975885960383,0.10458685758935508,0.6602091650283705,-0.24740827267755094,0.0,1.3128167238774435,0.8314124143610568,0.04049760473035846,0.4262640449438202,200,0.02,simple
0.06721579933834376,0.10464761113189565,0.674009932305793,-0.24752992102473925,0.0,1.312416601491851,0.8522675304086241,0.037699803715572716,0.4195926966292135,200,0.02,hyst
0.06610190948627914,0.10460040939740985,0.6642834367013469,-0.25069638253576054,0.0,1.3126877758496156,0.8357327330315605,0.038142820515447255,0.304248595505618,200,0.04,simple
0.06782526497774777,0.10461762338235045,0.6796312990023312,-0.25080980280558784,0.0,1.311752315089383,0.8587654582172927,0.035345735612562795,0.29810393258426965,200,0.04,hyst
0.06666149788289011,0.10469331644701906,0.6688004056186061,-0.25666357245169646,0.0,1.3136821928141484,0.8455243190939008,0.036080609067956085,0.23490168539325842,200,0.06,simple
0.06820235559897259,0.10473782199073613,0.6823439278908371,-0.25677608948247,0.0,1.313045569235741,0.8658451829753452,0.03334204893335814,0.2285814606741573,200,0.06,hyst
0.06714218028715346,0.10490258458409235,0.6719660263316959,-0.2500593514710604,0.0,1.3142106392833435,0.8441077446796762,0.03453428797404646,0.19364466292134833,200,0.08,simple
0.06873594574445674,0.10493931800746183,0.6859898503780151,-0.25030471904741636,0.0,1.3135708393421994,0.8655988167856302,0.03182980664499106,0.1876755617977528,200,0.08,hyst
0.06750814995565846,0.1050043106377069,0.6746846514216647,-0.25084915403065866,0.0,1.3146778331064741,0.8423461847572531,0.03211711113167214,0.15572331460674158,200,0.1,simple
0.06906824259298805,0.10507589284633119,0.6881957172222534,-0.25110507347484845,0.0,1.314421632880975,0.8628285030380293,0.029422945743492846,0.14975421348314608,200,0.1,hyst
0.06814321546325974,0.10524126384124725,0.6790571586456537,-0.25108676375885974,0.0,1.3165349426572337,0.852624240676174,0.03047876615329845,0.13114466292134833,200,0.12,simple
0.06967196743905846,0.10534028793919052,0.6920956167247837,-0.2513426020325479,0.0,1.316380979386077,0.8728886058745412,0.02788239811562556,0.12587780898876405,200,0.12,hyst
0.06811131174949359,0.10540415739440695,0.6778884023621994,-0.25060959537657335,0.0,1.317616619684707,0.8519417050011981,0.02945845106094556,0.11604634831460674,200,0.14,simple
0.06944647199223075,0.1055076542628626,0.6891689154366996,-0.25087152057454154,0.0,1.3174884198520798,0.8691800720438728,0.026723829034985127,0.10990168539325842,200,0.14,hyst
0.0697880602208718,0.10536158957442103,0.6930064195859166,-0.25203118934440794,0.0,1.3184957426529174,0.8723937545765515,0.028031394547029787,0.10129915730337079,200,0.16,simple
0.07135614767658005,0.10546863866293363,0.7062989179956827,-0.2520311893444086,0.0,1.318523751471774,0.8938499614263666,0.025366711154552853,0.09515449438202248,200,0.16,hyst
0.06975244372979272,0.1057729276132196,0.6904052814152648,-0.2483456366213086,0.0,1.3204646239482463,0.8673505093904663,0.026751955069409587,0.08830758426966293,200,0.18,simple
0.07151244265839307,0.10591639934711812,0.7051350740533598,-0.24834563662130849,0.0,1.32084300115615,0.8923904994472622,0.024112632473852535,0.08268960674157304,200,0.18,hyst
0.06889255802328376,0.10609435211555615,0.6810594149298331,-0.26682115787149996,0.0,1.3201335707978916,0.8734309897533045,0.026332140844364478,0.07952949438202248,200,0.2,simple
0.07004806518225193,0.10622023948021744,0.6905505549741157,-0.26682115787150085,0.0,1.3204793132084562,0.8904740060426195,0.02371581694831667,0.0742626404494382,200,0.2,hyst
0.07188044744659305,0.10616338991767371,0.7069772638599363,-0.2520825187635274,0.0,1.32448007225375,0.8816524685529918,0.024651226291695773,0.06934691011235955,200,0.22,simple
0.07323602779478677,0.10635989463286763,0.7177509129773099,-0.25117663982929916,0.0,1.3255813599622241,0.903393413909949,0.022253820915349085,0.06495786516853932,200,0.22,hyst
0.06972452650309657,0.10670657966981445,0.6850464771221735,-0.26234168492822574,0.0,1.3242581173764874,0.8556841232134786,0.024482196935670532,0.06601123595505617,200,0.24,simple
0.07166552648749902,0.10680353797636939,0.7014957883864296,-0.25894151125545606,0.0,1.324316436265771,0.8821012150646054,0.021846267243304022,0.0605688202247191,200,0.24,hyst
0.06943812033997654,0.10718851024243146,0.6799576229431581,-0.2663450375444041,0.0,1.3240455256249906,0.8728481525992204,0.02364553189420637,0.05898876404494382,200,0.26,simple
0.07095345588360691,0.1074147206981421,0.6919356488065063,-0.26634503754440186,0.0,1.3250726179511523,0.8956280103717889,0.021325667722679,0.054775280898876406,200,0.26,hyst
0.0703060408025018,0.10705991563336552,0.6882263183660695,-0.2732756185708607,0.0,1.3258329724267068,0.8849995872511909,0.022717575208397026,0.05530196629213483,200,0.28,simple
0.07204678614228266,0.10725668985408049,0.7023129509530992,-0.27327561857085936,0.0,1.3282016486340829,0.9139850134233919,0.020257246022214185,0.05038623595505618,200,0.28,hyst
0.06744513578349665,0.10724395722807877,0.6622645845160389,-0.25669986876349593,0.0,1.3276191807767708,0.8626827571230233,0.022573262137477547,0.051264044943820225,200,0.3,simple
0.06932678337322185,0.10737453110135899,0.6779932391183391,-0.25669986876349515,0.0,1.3282298912449293,0.8909562315955588,0.020255766643661386,0.046875,200,0.3,hyst
0.06745555241152368,0.10479950587826821,0.6753300457205607,-0.24707600910454053,0.0,1.313866291199038,0.8636393322855169,0.03959560706584536,0.7905547752808989,300,0.0,simple
0.06708298127388646,0.10478372552442419,0.6720839715081909,-0.2470760091045412,0.0,1.312480096868435,0.8563884337729619,0.03875167252470266,0.7865168539325843,300,0.0,hyst
0.06783795372593326,0.10481029901706573,0.6786889921804963,-0.24650688951732969,0.0,1.3138371311576944,0.8662036052867266,0.03780134527482153,0.42837078651685395,300,0.02,simple
0.0675242317899174,0.10480398035977818,0.6759194268222235,-0.24650688951732858,0.0,1.3125945004324384,0.859629088486306,0.036959400149927164,0.425561797752809,300,0.02,hyst
0.0685622105209267,0.10477403045274057,0.6853598001417517,-0.24979115045673872,0.0,1.3131680356737743,0.8746554708287084,0.03534520971771763,0.30337078651685395,300,0.04,simple
0.06819376772007057,0.10476578962067755,0.6821132346293346,-0.24979115045673972,0.0,1.3119049072967648,0.8673897023190406,0.03453404043810331,0.3010884831460674,300,0.04,hyst
0.06921163307879241,0.10491995378854961,0.6903447102341381,-0.2548238450610547,0.0,1.3147588315366008,0.885588895354001,0.03324497124818231,0.2322682584269663,300,0.06,simple
0.06882928010747325,0.1049076325175222,0.6870036193149414,-0.2548238450610548,0.0,1.3133936633766765,0.8778529662160584,0.0324194929676468,0.22945926966292135,300,0.06,hyst
0.06971329861282838,0.10511540053300955,0.6937146441080019,-0.2496871846336376,0.0,1.3149355658817232,0.8846921068731869,0.03176394377348268,0.19030898876404495,300,0.08,simple
0.06943905876747603,0.10512334284174271,0.6912306461124149,-0.24968718463363715,0.0,1.3139430351244656,0.8785931432654176,0.030922272986505024,0.1873244382022472,300,0.08,hyst
0.07011412359478308,0.10526279672300928,0.6964522591159555,-0.25266138654954984,0.0,1.316206027144244,0.8837184383463703,0.02931767736470309,0.15150983146067415,300,0.1,simple
0.06965070613308977,0.105257936706297,0.6923639498104308,-0.2526613865495505,0.0,1.315014766664779,0.8753817127499143,0.0285833256251346,0.14992977528089887,300,0.1,hyst
0.07076005321947143,0.10550089851760919,0.7008419160427547,-0.2513426020325482,0.0,1.3174992458534227,0.8941822805516094,0.02756330461128539,0.12622893258426968,300,0.12,simple
0.07038766620802472,0.10549328074247473,0.6975871064822884,-0.2513426020325482,0.0,1.316416853758173,0.8854989289427762,0.02680448598685197,0.12429775280898876,300,0.12,hyst
0.07084491658291703,0.10565910045368164,0.7007022084520328,-0.2493518259011981,0.0,1.3186462986970806,0.8908073813288062,0.026553727123643376,0.11060393258426966,300,0.14,simple
0.07049967709070604,0.10564454331596056,0.6977315025164518,-0.2493518259011981,0.0,1.3174582642705122,0.8830730666494504,0.025767621338983925,0.10884831460674158,300,0.14,hyst
0.07188472092715448,0.10571782204819777,0.7095526952772226,-0.24546199930753954,0.0,1.320366020856126,0.9088617683477386,0.0252612722986739,0.09620786516853932,300,0.16,simple
0.07146133823674061,0.10569280085999525,0.7059570623175513,-0.2454619993075412,0.0,1.318928782684557,0.8993442981864974,0.024621398576019655,0.09497893258426966,300,0.16,hyst
0.07239988098399208,0.10615250995070953,0.7116041933634774,-0.24682226542392727,0.0,1.322534819704526,0.9077477613935463,0.023967923192127222,0.08321629213483146,300,0.18,simple
0.07224570486825632,0.10615711337307601,0.710222651390933,-0.24682226542392716,0.0,1.3212760682027496,0.9030305057894087,0.02343675952520143,0.08251404494382023,300,0.18,hyst
0.07085848859658728,0.10636908015027514,0.6968514364983073,-0.2661006650756458,0.0,1.322612002053111,0.911959954918512,0.023509807097315948,0.07461376404494383,300,0.2,simple
0.07045706587411815,0.10634935669299546,0.693434314441657,-0.2661006650756458,0.0,1.3206211421453242,0.9085182344941689,0.023012448122054857,0.07391151685393259,300,0.2,hyst
0.07349904443552968,0.10663420939366293,0.7184759676832764,-0.26103063651948455,0.0,1.3269019172015912,0.9246287866079501,0.022115474093712676,0.06530898876404495,300,0.22,simple
0.0733638529535523,0.10662934527857384,0.7173222284216354,-0.26103063651948377,0.0,1.3262590153984304,0.9207871617824175,0.02141896972087108,0.06390449438202248,300,0.22,hyst
0.07118201988929562,0.10675394650428445,0.6975462623152139,-0.2624647456116427,0.0,1.325210624945934,0.8975530151577595,0.02135297835021038,0.05986657303370786,300,0.24,simple
0.0708176833432077,0.10671217215209673,0.6945892082897515,-0.26246474561164357,0.0,1.3239659153636312,0.88994907313415,0.020403542124111027,0.05740870786516854,300,0.24,hyst
0.07313308534904017,0.10747283387456934,0.7105401882866229,-0.26634503754440253,0.0,1.3260823218987277,0.9290898031487645,0.020444274469493703,0.052844101123595506,300,0.26,simple
0.07259887466697101,0.10747244768349996,0.7059087013101127,-0.26634503754440286,0.0,1.3251431292550442,0.9184224066407832,0.019736872847577178,0.05108848314606742,300,0.26,hyst
0.07297196268616246,0.10723596796572293,0.7104741971849072,-0.2732756185708589,0.0,1.328084071662212,0.924158575510002,0.019771227650253523,0.05003511235955056,300,0.28,simple
0.07233426546525212,0.10732342091285235,0.704443873754343,-0.2732756185708606,0.0,1.327031737179328,0.9122976330216129,0.01943478608909653,0.04950842696629214,300,0.28,hyst
0.07197775073396384,0.10734026500643293,0.7012430613518665,-0.2566998687634947,0.0,1.329066791630896,0.9129998890454466,0.019836429242129257,0.046875,300,0.3,simple
0.07139884217224846,0.10732749848741813,0.6962802271540318,-0.2566998687634954,0.0,1.3274917760073726,0.9010351911197646,0.019347148367605697,0.045997191011235956,300,0.3,hyst
0.06670387245261367,0.1045362276168233,0.670030065614472,-0.24512879136888777,0.0,1.308731779388959,0.8418431534750753,0.03899507528565267,0.7800210674157303,400,0.0,simple
0.06703451156166662,0.10464185408337044,0.672421850862105,-0.24594957735572665,0.0,1.30826082904502,0.8466752772517383,0.03778343668091478,0.7756320224719101,400,0.0,hyst
0.06711697717310794,0.10455197761310896,0.6736485714428068,-0.24464278954123087,0.0,1.3087948712168276,0.8445979426708898,0.03719002029238001,0.42240168539325845,400,0.02,simple
0.06743657765430577,0.10465554207765573,0.6759476685961775,-0.24559701641812492,0.0,1.3082964382039897,0.8493926659078452,0.035985766568488106,0.41924157303370785,400,0.02,hyst
0.06779026386291553,0.10455675157620416,0.6796560682945059,-0.24784948879891144,0.0,1.3087620219590443,0.8522872620810508,0.034784021040833786,0.2986306179775281,400,0.04,simple
0.06823607853607006,0.10461626518817337,0.6833197856529614,-0.24881291720787713,0.0,1.3077179321401013,0.8590493751819682,0.0335775144175035,0.29547050561797755,400,0.04,hyst
0.06849850046337802,0.1046853005396608,0.6852851566977153,-0.25236316045891705,0.0,1.31009329243777,0.8636127798784848,0.03268856088305072,0.22700140449438203,400,0.06,simple
0.06889063129925033,0.10475872492530272,0.6883817182305331,-0.253486266817156,0.0,1.3092869959145303,0.8699391980800544,0.031449856685121694,0.22349016853932585,400,0.06,hyst
0.0692293431997093,0.10493090506265422,0.6904383570031879,-0.24671353186928158,0.0,1.3108860026879348,0.8663251195773183,0.031202035358440086,0.18504213483146068,400,0.08,simple
0.06955750035770336,0.10497832884550884,0.6930978315655515,-0.248303068264083,0.0,1.3096426315754783,0.8717953520927937,0.029959285299017636,0.1815308988764045,400,0.08,hyst
0.06945429358934385,0.1050053262604577,0.6920295026682295,-0.25144049119371203,0.0,1.3115502740540042,0.8631579821002391,0.028896593374092484,0.14905196629213482,400,0.1,simple
0.069732462669023,0.10511146538905064,0.6939118516901579,-0.2530200530646102,0.0,1.310958124502269,0.8679122992817714,0.02769265921522461,0.14536516853932585,400,0.1,hyst
0.07015513148265473,0.10531979374460587,0.6965014965708294,-0.2520088574252941,0.0,1.31336757162805,0.8754619554536702,0.027257931922910733,0.12429775280898876,400,0.12,simple
0.07058392985452144,0.10539943047643324,0.6998564150196281,-0.2516467985834967,0.0,1.312732602259228,0.8802539763851633,0.026039871344890605,0.12096207865168539,400,0.12,hyst
0.07024683385072072,0.10543433248592124,0.696673555785934,-0.25173770356901715,0.0,1.3140271178827867,0.8747591692491965,0.026248268284561255,0.10902387640449439,400,0.14,simple
0.07068597370975227,0.10549625202132204,0.7002156537463434,-0.2483320653035168,0.0,1.3134200763891195,0.8763836733288995,0.02492735820038718,0.10516151685393259,400,0.14,hyst
0.07135175700671836,0.10543784263617646,0.7064404817181861,-0.24247150646991333,0.0,1.3152321166925172,0.8873943189689838,0.025082109037627177,0.09585674157303371,400,0.16,simple
0.07172244336274014,0.10558208674933808,0.7088960403565739,-0.24186695132745917,0.0,1.3150377501409587,0.889945099099419,0.023979689551221026,0.09322331460674158,400,0.16,hyst
0.07126836603287923,0.10582314537928748,0.7035135689785657,-0.247930575456763,0.0,1.3160172413534115,0.8817869293763178,0.02405600221566146,0.08356741573033707,400,0.18,simple
0.07192669835251797,0.10600492318133219,0.7082848622807665,-0.2495554120171114,0.0,1.3166348249569015,0.8921981324076078,0.022919491645188687,0.08093398876404495,400,0.18,hyst
0.0701443250290541,0.1061105773857981,0.6920037442038792,-0.26338018046249156,0.0,1.3165359952476063,0.8780509986971894,0.023394067015075303,0.0742626404494382,400,0.2,simple
0.07072491192123032,0.10619154751536676,0.6966651627051325,-0.26185377237586227,0.0,1.3161554288869732,0.8842319469473034,0.022222356837662615,0.07145365168539326,400,0.2,hyst
0.07266914943572544,0.1062865467408771,0.7132021099389799,-0.26061307719967775,0.0,1.3207436378765443,0.9009686097693471,0.021812509055617893,0.0644311797752809,400,0.22,simple
0.07258334851029802,0.10622599723474699,0.7127956562810169,-0.26327034624343293,0.0,1.3188780728548979,0.9042116784086505,0.02076746901433563,0.062324438202247194,400,0.22,hyst
0.0708011817812797,0.10644991420322826,0.6958946994731218,-0.25646571811079355,0.0,1.3200771046799433,0.87317916274665,0.02068752370747672,0.05740870786516854,400,0.24,simple
0.07091298714780803,0.1065424060843709,0.6963634538006379,-0.256450592482822,0.0,1.3199281613397522,0.8749181545602144,0.01986085293080599,0.05600421348314607,400,0.24,hyst
0.07126988929966283,0.10739082470959137,0.6948203339281779,-0.2645814318453522,0.0,1.3229067878964955,0.8963394376189587,0.020183075725585344,0.051615168539325844,400,0.26,simple
0.0709002606766207,0.10729395317148958,0.6921349846620996,-0.2716141322665082,0.0,1.3202701659963518,0.8954926050463525,0.019261819514465574,0.05003511235955056,400,0.26,hyst
0.07117199905099358,0.10711578559240101,0.6954785820565285,-0.2781802091303254,0.0,1.3231823087408048,0.90664020229244,0.0200004143631075,0.05021067415730337,400,0.28,simple
0.07271556478436758,0.10718634986808456,0.7085259137141343,-0.27424024629494403,0.0,1.3211519701426133,0.9138134465220729,0.01917446458398975,0.048981741573033706,400,0.28,hyst
0.07167803806475148,0.10722080057433926,0.6992987692933602,-0.2530311698102281,0.0,1.324009261726586,0.9000326173799956,0.01949763042583657,0.04564606741573034,400,0.3,simple
0.07257839915099229,0.10710227001120674,0.7077947364360241,-0.2509680749233457,0.0,1.3210253738915116,0.900589324168701,0.018756546031266846,0.04459269662921348,400,0.3,hyst
